created_at,screen_name,text
2019-06-30 04:35:27,jetharam7349,एक bihar childrendeaths aes
2019-06-30 04:30:29,TheYogendra_,एक bihar childrendeaths aes
2019-06-30 04:27:09,Fasih_Mosharraf,एक bihar childrendeaths aes
2019-06-30 04:25:59,gaurav271090,एक bihar childrendeaths aes
2019-06-30 04:25:54,wahane_sumit,एक bihar childrendeaths aes
2019-06-30 04:25:53,BabbarAmarNath,एक bihar childrendeaths aes
2019-06-30 04:24:11,Yayaver1,एक bihar childrendeaths aes
2019-06-30 04:19:24,ShahAla33235507,एक bihar childrendeaths aes
2019-06-30 04:18:28,asiffact,एक bihar childrendeaths aes
2019-06-30 04:17:39,vineets,एक bihar childrendeaths aes
2019-06-30 04:14:53,ians_india,there consensus among doctors experts health officials well parents monsoon brings cases
2019-06-30 04:12:54,thewirehindi,एक bihar childrendeaths
2019-06-30 04:11:03,SandeepBhartiye,एक
2019-06-30 03:53:40,Puneetvizh,एक
2019-06-30 02:42:32,lekhachakrborty,just availed ayushman bharat bihar aes treatment reveals gap needs addressed ayushman ceo
2019-06-30 02:32:22,Evilsickularist,hundreds children died bihar muzaffarpur due acute encephalitis syndrome aes the tragedy points
2019-06-29 23:01:10,AyanangshuHazra,muzaffarpur death toll due acute encephalitis syndrome aes rises sri krishna medical college hospital amp
2019-06-29 18:35:45,jayaramsuri,acute encephalitis syndrome aes also known chamki fever litchi virus india umbrella term used
2019-06-29 17:49:02,Bagria93deep,hundreds children died bihar muzaffarpur due acute encephalitis syndrome aes the tragedy points
2019-06-29 17:46:53,shwetaa_9,just in muzaffarpur death toll due acute encephalitis syndrome aes rises sri krishna
2019-06-29 17:28:46,Nishant50048336,muzaffarpur death toll due acute encephalitis syndrome aes rises sri krishna medical college hospital amp
2019-06-29 16:48:30,nemityadav1,muzaffarpur death toll due acute encephalitis syndrome aes rises sri krishna medical college hospital amp
2019-06-29 16:28:04,tandi_charan,bihar aes deaths youth congress protests near harsh vardhan residence delhi detained
2019-06-29 16:23:35,theupdaterpost,death toll aes reaches bihar muzaffarpur remains district
2019-06-29 16:18:25,aamirmanzoorn,of in infant mo
2019-06-29 16:01:07,riznwiz,hundreds children died bihar muzaffarpur due acute encephalitis syndrome aes the tragedy points
2019-06-29 15:52:09,timesofoman,over children died indian state bihar acute encephalitis syndrome
2019-06-29 15:51:46,MonaAmbegaonkar,hundreds children died bihar muzaffarpur due acute encephalitis syndrome aes the tragedy points
2019-06-29 15:40:03,sms_venkat,hundreds children died bihar muzaffarpur due acute encephalitis syndrome aes the tragedy points
2019-06-29 13:22:32,Bajrangiaman,muzaffarpur death toll due acute encephalitis syndrome aes rises sri krishna medical college hospital amp
2019-06-29 13:16:32,Chiranjivikuma8,hundreds children died bihar muzaffarpur due acute encephalitis syndrome aes the tragedy points
2019-06-29 13:15:07,nalitics,hundreds children died bihar muzaffarpur due acute encephalitis syndrome aes the tragedy points
2019-06-29 13:00:38,zeesalaamtweet,muzaffarpur death toll due acute encephalitis syndrome aes rises sri krishna medical
2019-06-29 12:57:40,Navayan,hundreds children died bihar muzaffarpur due acute encephalitis syndrome aes the tragedy
2019-06-29 12:57:08,KMurariShastri,children dead june aes exposes bihar health machinery via
2019-06-29 12:52:25,arjya_majumder,muzaffarpur death toll due acute encephalitis syndrome aes rises sri krishna medical college hospital amp
2019-06-29 12:47:59,pravin_yb,यह acute encephalitis syndrome
2019-06-29 12:45:54,iRajatM,muzaffarpur death toll due acute encephalitis syndrome aes rises sri krishna medical college hospital amp
2019-06-29 12:45:37,tv9gujarati,muzaffarpur death toll due acute encephalitis syndrome aes rises sri krishna medical college
2019-06-29 12:43:11,WeForNews,muzaffarpur death toll due acute encephalitis syndrome aes rises sri krishna medical college
2019-06-29 12:42:30,aatish_mohite,muzaffarpur death toll due acute encephalitis syndrome aes rises sri krishna medical college hospital amp
2019-06-29 12:41:43,Brahmchaari,muzaffarpur death toll due acute encephalitis syndrome aes rises sri krishna medical college hospital amp
2019-06-29 12:41:20,ANISARGPATEL,muzaffarpur death toll due acute encephalitis syndrome aes rises sri krishna medical college hospital amp
2019-06-29 12:41:15,JaynulC,muzaffarpur death toll due acute encephalitis syndrome aes rises sri krishna medical college hospital amp
2019-06-29 12:39:59,hiteshray1,muzaffarpur death toll due acute encephalitis syndrome aes rises sri krishna medical college hospital amp
2019-06-29 12:39:50,SyedSalu60,muzaffarpur death toll due acute encephalitis syndrome aes rises sri krishna medical college hospital amp
2019-06-29 12:39:39,Praveenm__,muzaffarpur death toll due acute encephalitis syndrome aes rises sri krishna medical college hospital amp
2019-06-29 12:39:04,NewsMobileIndia,just in muzaffarpur death toll due acute encephalitis syndrome aes rises sri krishna
2019-06-29 12:38:30,ANI,muzaffarpur death toll due acute encephalitis syndrome aes rises sri krishna medical college
2019-06-29 11:13:29,VizagApollo,acute encephalitis syndrome aes also known chamki fever litchi virus india umbrella term used
2019-06-29 11:01:15,ApolloHospMUM,acute encephalitis syndrome aes also known chamkifever litchi virus term used infections
2019-06-29 09:30:42,ak_priyadarshi,children dead june aes exposes bihar health machinery via
2019-06-29 09:25:16,ak_priyadarshi,presenting magazine insight our editors sharp take news day what killed
2019-06-29 08:27:43,Kathryn37942100,be great etc could make people aware me myalgia
2019-06-29 08:12:46,CHIKUKALRA,acute encephalitis syndrome aes bihar aes childrensdied
2019-06-29 07:51:26,priyanka_21097,muzaffarpur death toll due acute encephalitis syndrome aes rises sri krishna medical college
2019-06-29 07:35:59,balochPAKbaloch,
2019-06-29 07:29:50,KhattarSunidhi,death toll due acute encephalitis syndrome reaches bihar
2019-06-29 07:26:30,rishabh60325193,death toll due acute encephalitis syndrome reaches bihar
2019-06-29 07:14:50,Prakash62003470,death toll due acute encephalitis syndrome reaches bihar
2019-06-29 07:07:09,sumanranjan111,death toll due acute encephalitis syndrome reaches bihar
2019-06-29 07:05:30,MridulBhaskar87,death toll due acute encephalitis syndrome reaches bihar
2019-06-29 07:00:56,84SachinS,aes कई लग असल वजह
2019-06-29 06:16:42,sankalpnewsin,इन पर
2019-06-29 06:01:21,Dr_AdamAB,of in infant mo
2019-06-29 05:37:39,sumitdaga14,bihar aes deaths youth congress protests near harsh vardhan residence delhi detained
2019-06-29 05:33:35,nsakinahamidon,of in infant mo
2019-06-29 05:03:04,himanshudb,और पर दहल
2019-06-29 04:51:10,Outlookindia,from the magazine acute encephalitis syndrome aes claiming little lives blink eye stark
2019-06-29 04:50:48,SwapnilKadu19,india holding leading position country wealth pressure due death children
2019-06-29 04:46:36,NI24NEWS,वजह गई via
2019-06-29 04:37:56,AmanCha23239682,bihar aes deaths youth congress protests near harsh vardhan residence delhi detained
2019-06-29 03:52:57,PerumalNavanee,bihar aes deaths youth congress protests near harsh vardhan residence delhi detained
2019-06-29 03:52:38,PerumalNavanee,bihar aes deaths youth congress protests near harsh vardhan residence delhi detained
2019-06-29 03:46:54,BaidyaSharma,इस पर
2019-06-29 02:58:43,skyneenu,muzaffarpur acute encephalitis syndrome aes deaths indian youth congress bihar congress unit protested near union health
2019-06-29 02:48:29,IycKumar,bihar aes deaths youth congress protests near harsh vardhan residence delhi detained
2019-06-29 02:38:07,journo_abheet,muzaffarpur death toll due acute encephalitis syndrome aes rises sri krishna medical college
2019-06-29 01:56:55,RashmiRNaik,more children died bihar due acute encephalitis syndrome also known brain fever muzaffarpur
2019-06-29 00:52:55,Obscurantist_,of in infant mo
2019-06-29 00:47:50,HariPriyap9,एसईएस
2019-06-29 00:43:24,DrRasasi,of in infant mo
2019-06-29 00:39:25,nuraqmarmazlan,of in infant mo
2019-06-28 23:47:46,shehu_ruqayya,of in infant mo
2019-06-28 20:53:30,dr_aarashid,of in infant mo
2019-06-28 20:37:11,luismontielroa,of in infant mo
2019-06-28 19:59:31,theupdaterpost,death toll aes reaches bihar doctors blame administrative failure
2019-06-28 19:06:49,moliticsindia,पर पर और
2019-06-28 18:55:55,emiliomordini,bihar government says working plan tackle acute encephalitis syndrome
2019-06-28 17:49:16,Abhishekraghuw,bihar aes deaths youth congress protests near harsh vardhan residence delhi detained
2019-06-28 17:48:44,RajeshThakur88,union minister consumer affairs food public distribution ram vilas paswan said state government well
2019-06-28 17:35:04,sangeetachauh17,bihar fir lodged people harivanshpur vaishali district protested lack water supply amp death
2019-06-28 17:30:00,TimesNow,union minister consumer affairs food public distribution ram vilas paswan said state government
2019-06-28 17:11:53,cigsuccess,muzaffarpur death toll due acute encephalitis syndrome aes rises sri krishna medical college hospital amp
2019-06-28 17:06:25,GaneshProf,ஆக bihar brainfever
2019-06-28 16:55:59,maalaimalar,ஆக bihar brainfever
2019-06-28 16:49:01,shahid9018,bihar aes deaths youth congress protests near harsh vardhan residence delhi detained
2019-06-28 16:40:46,KhanHameed15,of in infant mo
2019-06-28 16:33:52,nemityadav1,muzaffarpur death toll due acute encephalitis syndrome aes rises sri krishna medical college hospital amp
2019-06-28 16:33:15,shwetabhraj,muzaffarpur death toll due acute encephalitis syndrome aes rises sri krishna medical college hospital amp
2019-06-28 16:13:29,utkarshs_singh,muzaffarpur death toll due acute encephalitis syndrome aes rises sri krishna medical college
2019-06-28 15:30:00,EconomicTimes,the government working long term plan deal acute encephalitis syndrome aes left
2019-06-28 15:23:30,mpHamdulla,bihar aes deaths youth congress protests near harsh vardhan residence delhi detained
2019-06-28 15:06:52,Ummesa2,of in infant mo
2019-06-28 15:06:48,QuintHindi,aes कई लग असल वजह
2019-06-28 15:04:15,DrMustyibrahim,of in infant mo
2019-06-28 15:03:39,Afternoon_Voice,muzaffarpur death toll due acute encephalitis syndrome aes rises sri krishna medical
2019-06-28 14:55:31,FitHindi,aes कई लग
2019-06-28 14:52:09,badrowes,of in infant mo
2019-06-28 14:51:54,Praveenm__,muzaffarpur death toll due acute encephalitis syndrome aes rises sri krishna medical college hospital amp
2019-06-28 14:47:10,SyedSalu60,muzaffarpur death toll due acute encephalitis syndrome aes rises sri krishna medical college hospital amp
2019-06-28 14:46:56,msshurrab,of in infant mo
2019-06-28 14:45:17,10032000AJ,muzaffarpur death toll due acute encephalitis syndrome aes rises sri krishna medical college hospital amp
2019-06-28 14:44:29,amiteshdubey,muzaffarpur acute encephalitis syndrome aes deaths indian youth congress bihar congress unit protested near union health
2019-06-28 14:34:28,NewsMobileIndia,muzaffarpur death toll due acute encephalitis syndrome aes rises sri krishna medical
2019-06-28 14:33:17,hiteshray1,muzaffarpur death toll due acute encephalitis syndrome aes rises sri krishna medical college hospital amp
2019-06-28 14:31:55,BakwasRadio,muzaffarpur death toll due acute encephalitis syndrome aes rises sri krishna medical college hospital amp
2019-06-28 14:28:28,SpartanReturns,muzaffarpur death toll due acute encephalitis syndrome aes rises sri krishna medical college hospital amp
2019-06-28 14:28:10,ANI,muzaffarpur death toll due acute encephalitis syndrome aes rises sri krishna medical college
2019-06-28 14:24:28,Kannan2323,bihar aes deaths youth congress protests near harsh vardhan residence delhi detained
2019-06-28 14:21:18,iamvk_IN,bihar aes deaths youth congress protests near harsh vardhan residence delhi detained
2019-06-28 14:13:31,saurabhpawarinc,bihar aes deaths youth congress protests near harsh vardhan residence delhi detained
2019-06-28 14:02:45,alrashidi_awad,of in infant mo
2019-06-28 14:01:16,DrnThiyagarajan,bihar aes deaths youth congress protests near harsh vardhan residence delhi detained
2019-06-28 13:54:44,sajad__nazir,of in infant mo
2019-06-28 13:39:59,mss_ashmy,of in infant mo
2019-06-28 13:11:25,tsathishattur,bihar aes deaths youth congress protests near harsh vardhan residence delhi detained
2019-06-28 13:05:17,Mungerilal16,bihar aes deaths youth congress protests near harsh vardhan residence delhi detained
2019-06-28 12:50:10,cherriesherie,of in infant mo
2019-06-28 12:49:43,IndiaSpend,the aes cases muzaffarpur bihar amp adjoining litchi producing districts observed mostly apr
2019-06-28 12:49:41,IndiaSpend,acute encephalitis syndrome aes disease characterised high fever altered consciousness mostly
2019-06-28 12:49:41,IndiaSpend,more children died bihar due acute encephalitis syndrome also known brain
2019-06-28 12:44:54,sardark14,bihar aes deaths youth congress protests near harsh vardhan residence delhi detained
2019-06-28 12:43:28,Dgirdhar12,muzaffarpur acute encephalitis syndrome aes deaths indian youth congress bihar congress unit protested near union health
2019-06-28 12:43:01,Dgirdhar12,bignews indian youth congress bihar congress unit stage protest near union health minister vardhan
2019-06-28 12:42:34,Dgirdhar12,muzaffarpur acute encephalitis syndrome aes deaths indian youth congress bihar congress unit today held protest
2019-06-28 12:38:41,dr_ishmex,of in infant mo
2019-06-28 12:35:36,Apollomedics,acute encephalitis syndrome aes also known chamki fever litchi virus term used infections
2019-06-28 12:28:57,Dr_shamss,of in infant mo
2019-06-28 12:26:33,saad_iq64,of in infant mo
2019-06-28 12:21:01,IndiaTomorrow_,patna june bihar assembly monsoon session began today amid uproar huge protests opposition
2019-06-28 12:15:04,NewsStateHindi,पर पर और
2019-06-28 11:50:06,AnilThakur_,इन पर
2019-06-28 11:38:57,outlookhindi,और पर दहल
2019-06-28 11:35:37,WalajaNiyas,bihar aes deaths youth congress protests near harsh vardhan residence delhi detained
2019-06-28 10:53:01,sighyush,two hospitals one crisis dealing one private
2019-06-28 10:52:25,sighyush,two hospitals one enemy a deep dive medical professionals dealing aes newslaundry
2019-06-28 10:44:04,NTM_papers,mycobacterium chimaera encephalitis surgery a new syndrome
2019-06-28 10:26:01,YTHISNEWS,monsoon session began friday opposition protesting outside
2019-06-28 10:14:51,rafik_lodhi,bihar aes deaths youth congress protests near harsh vardhan residence delhi detained
2019-06-28 10:10:00,scroll_in,bihar centre says working plan tackle acute encephalitis syndrome
2019-06-28 10:00:03,MycobactPapers,mycobacterium chimaera encephalitis surgery a new syndrome
2019-06-28 09:57:56,Parul20608956,bihar aes deaths youth congress protests near harsh vardhan residence delhi detained
2019-06-28 09:54:34,YTHISNEWS,hours ahead monsoon session friday posters appeared patna blaming
2019-06-28 09:50:37,WebduniaMarathi,
2019-06-28 09:37:52,bhargavihemmige,just availed ayushman bharat bihar aes treatment reveals gap needs addressed ayushman ceo
2019-06-28 09:34:09,bilingualmomof2,who said anything autism
2019-06-28 09:23:01,rahulsahu96782,today stage protest near union health minister residence delhi acute encephalitis
2019-06-28 09:15:06,devyaduvansham,bihar aes deaths youth congress protests near harsh vardhan residence delhi detained
2019-06-28 09:02:52,FinancialXpress,the government working long term plan deal acute encephalitis syndrome aes left
2019-06-28 08:59:13,RakeshK79541775,इस पर
2019-06-28 08:54:35,petedavo_world,muzaffarpur wears deserted look acute encephalitis syndrome continues claim children lives
2019-06-28 08:47:09,ApnaTimeAaega,government working on long term plan to deal with encephalitis minister
2019-06-28 08:37:21,PranavPrinceINC,bihar aes deaths youth congress protests near harsh vardhan residence delhi detained
2019-06-28 08:19:08,kkitdeptt,bihar aes deaths youth congress protests near harsh vardhan residence delhi detained
2019-06-28 08:05:21,ThomasS06956442,bihar aes deaths youth congress protests near harsh vardhan residence delhi detained
2019-06-28 07:40:48,bennyjack46,bihar aes deaths youth congress protests near harsh vardhan residence delhi detained
2019-06-28 07:40:40,Hassan_tnpyc,bihar aes deaths youth congress protests near harsh vardhan residence delhi detained
2019-06-28 07:38:21,Geet882,bihar aes deaths youth congress protests near harsh vardhan residence delhi detained
2019-06-28 07:37:30,AycPrakash,bihar aes deaths youth congress protests near harsh vardhan residence delhi detained
2019-06-28 07:27:55,Plan_India,bihar grappling severe public health crisis form acute encephalitis syndrome aes plan
2019-06-28 07:17:14,TrollMyPm,bihar aes deaths youth congress protests near harsh vardhan residence delhi detained
2019-06-28 07:14:02,accesspage,new delhi the supreme court hear monday public interest litigation pil filed two lawyers
2019-06-28 07:08:58,coppersulphate3,thousands farmers district suffered huge losses since death children due acute encephalitis
2019-06-28 07:04:30,DepttHp,bihar aes deaths youth congress protests near harsh vardhan residence delhi detained
2019-06-28 07:03:48,Puneet_Mhow,muzaffarpur acute encephalitis syndrome aes deaths indian youth congress bihar congress unit today held protest
2019-06-28 07:02:59,Puneet_Mhow,bignews indian youth congress bihar congress unit stage protest near union health minister vardhan
2019-06-28 07:02:52,Conspiratorfeku,hours ahead monsoon session bihar assembly posters appeared patna blaming nda govt
2019-06-28 07:00:33,ankitsingh1003,bihar aes deaths youth congress protests near harsh vardhan residence delhi detained
2019-06-28 06:50:57,MeghalayaTimes,hours ahead monsoon session bihar assembly friday posters appeared patna blaming nda
2019-06-28 06:50:43,Rakesh_Sachan_,bihar aes deaths youth congress protests near harsh vardhan residence delhi detained
2019-06-28 06:36:43,darshanulli,bihar aes deaths youth congress protests near harsh vardhan residence delhi detained
2019-06-28 06:19:05,DataNeeraj,bihar aes deaths youth congress protests near harsh vardhan residence delhi detained
2019-06-28 06:11:57,SKSAIDU32995902,team participated protest front health minister vardhan residence
2019-06-28 06:04:19,MohdIltaj,bihar aes deaths youth congress protests near harsh vardhan residence delhi detained
2019-06-28 06:03:21,Gandhian_,bihar aes deaths youth congress protests near harsh vardhan residence delhi detained
2019-06-28 05:56:25,INCTharoorian,bihar aes deaths youth congress protests near harsh vardhan residence delhi detained
2019-06-28 05:54:45,vengatveeravel,bihar aes deaths youth congress protests near harsh vardhan residence delhi detained
2019-06-28 05:52:23,JitendraMeenain,bihar aes deaths youth congress protests near harsh vardhan residence delhi detained
2019-06-28 05:47:30,Nepal_Trending,और पर bihar encephalitisdeaths
2019-06-28 05:47:22,newsclickin,thousands farmers district suffered huge losses since death children due acute
2019-06-28 05:39:27,Rohitsa47735699,today stage protest near union health minister residence delhi acute encephalitis
2019-06-28 05:31:53,ians_india,hours ahead monsoon session bihar assembly june posters appeared patna blaming nda
2019-06-28 05:31:05,IYCTelangana,bihar aes deaths youth congress protests near harsh vardhan residence delhi detained
2019-06-28 05:29:54,Kamalmeghwal12,और पर bihar encephalitisdeaths
2019-06-28 05:01:25,AgrahJitendra,और पर bihar encephalitisdeaths
2019-06-28 04:55:44,malhotramona,bihar most victims acute encephalitis syndrome girls
2019-06-28 04:48:10,Jitendra2586610,यह acute encephalitis syndrome
2019-06-28 04:47:02,DrSamirKrSingh,इस पर
2019-06-28 04:45:08,mdistiyakinc,bihar aes deaths youth congress protests near harsh vardhan residence delhi detained
2019-06-28 04:40:46,santhoshadv,bihar aes deaths youth congress protests near harsh vardhan residence delhi detained
2019-06-28 04:38:48,SUDARSH72658082,और पर bihar encephalitisdeaths
2019-06-28 04:36:20,akramaliIYC,bihar aes deaths youth congress protests near harsh vardhan residence delhi detained
2019-06-28 04:34:00,AmarUjalaNews,और पर bihar encephalitisdeaths
2019-06-28 04:30:14,DarshanamVinod,bihar aes deaths youth congress protests near harsh vardhan residence delhi detained
2019-06-28 04:25:31,SwapnilSingh20,bihar aes deaths youth congress protests near harsh vardhan residence delhi detained
2019-06-28 04:25:21,SyedSab16211535,bihar aes deaths youth congress protests near harsh vardhan residence delhi detained
2019-06-28 04:23:08,SadikKh62697788,bihar aes deaths youth congress protests near harsh vardhan residence delhi detained
2019-06-28 04:22:17,NiralaChandan1,bihar aes deaths youth congress protests near harsh vardhan residence delhi detained
2019-06-28 04:21:39,JebiMather,bihar aes deaths youth congress protests near harsh vardhan residence delhi detained
2019-06-28 04:05:54,amit_shekh2001,lichi amp aes a traffic jam lichi growers vietnam acute encephalitis syndrome
2019-06-28 03:37:05,CitizenRightful,वजह
2019-06-28 02:22:36,DeepakVishawa14,muzaffarpur acute encephalitis syndrome aes deaths indian youth congress bihar congress unit protested near union health
2019-06-28 02:22:14,DeepakVishawa14,bignews indian youth congress bihar congress unit stage protest near union health minister vardhan
2019-06-28 02:22:10,DeepakVishawa14,muzaffarpur acute encephalitis syndrome aes deaths indian youth congress bihar congress unit today held protest
2019-06-28 00:48:40,dna,bihar most victims acute encephalitis syndrome girls
2019-06-28 00:29:48,Girikashinathh,team participated protest front health minister vardhan residence
2019-06-28 00:14:48,Rabindr10747250,bihar residents harivanshpur village vaishali dist say file case state govt amp local admn
2019-06-27 22:21:09,sandeeptathgar,the acute encephalitis syndrome claimed one life muzaffarpur wednesday raising toll north bihar
2019-06-27 21:14:43,Mdziyauddinkha6,team participated protest front health minister vardhan residence
2019-06-27 20:24:59,harisanwer1987,bihar residents harivanshpur village vaishali dist say file case state govt amp local admn
2019-06-27 20:16:08,tamannanaik,bihar death toll due acute encephalitis syndrome aes muzaffarpur rises
2019-06-27 20:08:29,AbrahamRoyMani,bignews indian youth congress bihar congress unit stage protest near union health minister vardhan
2019-06-27 20:07:50,AbrahamRoyMani,muzaffarpur acute encephalitis syndrome aes deaths indian youth congress bihar congress unit today held protest
2019-06-27 19:43:53,shaikh_72_,breaking news cm
2019-06-27 19:06:38,NeedhiMurasu,bignews indian youth congress bihar congress unit stage protest near union health minister vardhan
2019-06-27 18:36:58,yadavankeshiyc,muzaffarpur acute encephalitis syndrome aes deaths indian youth congress bihar congress unit protested near union health
2019-06-27 18:31:33,MisaBharti,bihar residents harivanshpur village vaishali dist say file case state govt amp local admn
2019-06-27 18:29:17,EktaThakur,muzaffarpur acute encephalitis syndrome aes deaths indian youth congress bihar congress unit today held protest
2019-06-27 18:26:45,EktaThakur,muzaffarpur acute encephalitis syndrome aes deaths indian youth congress bihar congress unit protested near union health
2019-06-27 18:26:28,akramaliIYC,muzaffarpur acute encephalitis syndrome aes deaths indian youth congress bihar congress unit today held protest
2019-06-27 18:26:23,akramaliIYC,bignews indian youth congress bihar congress unit stage protest near union health minister vardhan
2019-06-27 18:25:56,akramaliIYC,muzaffarpur acute encephalitis syndrome aes deaths indian youth congress bihar congress unit protested near union health
2019-06-27 18:10:20,IWbpyc,team participated protest front health minister vardhan residence
2019-06-27 18:06:13,MahapatPravat,bignews indian youth congress bihar congress unit stage protest near union health minister vardhan
2019-06-27 18:04:35,RahulkhojaRahul,muzaffarpur acute encephalitis syndrome aes deaths indian youth congress bihar congress unit protested near union health
2019-06-27 17:45:47,DariyaNabi,bihar fir lodged people harivanshpur muzaffarpur protested lack water supply amp death
2019-06-27 17:37:33,GagaJagdev,muzaffarpur acute encephalitis syndrome aes deaths indian youth congress bihar congress unit protested near union health
2019-06-27 17:33:45,SubratK14254479,today stage protest near union health minister residence delhi acute encephalitis
2019-06-27 17:25:58,sumitdaga14,muzaffarpur acute encephalitis syndrome aes deaths indian youth congress bihar congress unit today held protest
2019-06-27 17:14:01,sumitdaga14,bignews indian youth congress bihar congress unit stage protest near union health minister vardhan
2019-06-27 17:06:18,manish1987sah,matter of shame for the nation pm modi on encephalitis deaths in bihar
2019-06-27 16:34:19,BinayJenaINC,today stage protest near union health minister residence delhi acute encephalitis
2019-06-27 16:18:27,INCKRNAGARA,muzaffarpur acute encephalitis syndrome aes deaths indian youth congress bihar congress unit protested near union health
2019-06-27 16:14:15,BijoJAbraham1,muzaffarpur acute encephalitis syndrome aes deaths indian youth congress bihar congress unit protested near union health
2019-06-27 16:10:40,C_Indian_420,bihar residents harivanshpur village vaishali dist say file case state govt amp local admn
2019-06-27 15:59:16,MukulAdhikary5,policemen detain youth congress activist protesting outside residence union health minister harshvardhan
2019-06-27 15:54:01,jha2611,today stage protest near union health minister residence delhi acute encephalitis
2019-06-27 15:51:57,SahnawajAhmed15,team participated protest front health minister vardhan residence
2019-06-27 15:50:00,moneycontrolcom,in punjab season buyers farmers staring huge losses
2019-06-27 15:45:31,BibiPakhii,team participated protest front health minister vardhan residence
2019-06-27 15:43:49,IYCWestBengal,team participated protest front health minister vardhan residence
2019-06-27 15:41:52,ShahnawazIYC,team participated protest front health minister vardhan residence
2019-06-27 15:41:22,SamratRoyNsui,today stage protest near union health minister residence delhi acute encephalitis
2019-06-27 15:39:57,yadavankeshiyc,muzaffarpur acute encephalitis syndrome aes deaths indian youth congress bihar congress unit today held protest
2019-06-27 15:39:54,yadavankeshiyc,bignews indian youth congress bihar congress unit stage protest near union health minister vardhan
2019-06-27 15:38:46,ShadabKhanIYC,team participated protest front health minister vardhan residence
2019-06-27 15:32:07,pujanbiswaspyc,today stage protest near union health minister residence delhi acute encephalitis
2019-06-27 14:59:27,DalviClub,bignews indian youth congress bihar congress unit stage protest near union health minister vardhan
2019-06-27 14:37:50,tanmoydharTPYC,today stage protest near union health minister residence delhi acute encephalitis
2019-06-27 14:36:57,smrutirlenka,today stage protest near union health minister residence delhi acute encephalitis
2019-06-27 14:29:29,BaadalPandit,muzaffarpur acute encephalitis syndrome aes deaths indian youth congress bihar congress unit protested near union health
2019-06-27 14:20:11,iamikhlaqansar1,bihar residents harivanshpur village vaishali dist say file case state govt amp local admn
2019-06-27 14:18:31,Rajukumarsing10,the outbreak acute encephalitis syndrome aes bihar claimed lives revealed
2019-06-27 13:56:21,NaveenknINC,muzaffarpur acute encephalitis syndrome aes deaths indian youth congress bihar congress unit protested near union health
2019-06-27 13:41:23,varun18vijay,bihar plans survey curb acute encephalitis syndrome toll goes
2019-06-27 13:39:11,Noyston_Dsouza,muzaffarpur acute encephalitis syndrome aes deaths indian youth congress bihar congress unit today held protest
2019-06-27 13:26:04,GAURAVTODWAL,muzaffarpur acute encephalitis syndrome aes deaths indian youth congress bihar congress unit protested near union health
2019-06-27 13:18:59,HaridanCharan,muzaffarpur acute encephalitis syndrome aes deaths indian youth congress bihar congress unit protested near union health
2019-06-27 13:18:55,HaridanCharan,muzaffarpur acute encephalitis syndrome aes deaths indian youth congress bihar congress unit today held protest
2019-06-27 13:18:48,HaridanCharan,bignews indian youth congress bihar congress unit stage protest near union health minister vardhan
2019-06-27 13:09:07,AkashVarunraj,muzaffarpur acute encephalitis syndrome aes deaths indian youth congress bihar congress unit protested near union health
2019-06-27 13:08:12,reeteshguruji,bignews indian youth congress bihar congress unit stage protest near union health minister vardhan
2019-06-27 12:54:01,zibrailmohamma3,healthminister faces protest health minister harshvardhan faces protest youth congress members death toll
2019-06-27 12:47:15,PhysicianRural,the fathers children died acute encephalitis syndrome bihar among people booked protest https
2019-06-27 12:42:16,Bajrangiaman,bihar residents harivanshpur village vaishali dist say file case state govt amp local admn
2019-06-27 12:31:45,aksaxena18,bihar residents harivanshpur village vaishali dist say file case state govt amp local admn
2019-06-27 12:31:37,sharif593,muzaffarpur acute encephalitis syndrome aes deaths indian youth congress bihar congress unit protested near union health
2019-06-27 12:30:43,grnairravinivas,india tragic encephalitis epidemic hit humble fruit lychee farmers businessinsider india
2019-06-27 12:27:37,sandhya19910,in hindi translated english bihar who responsible death children
2019-06-27 12:27:20,sandhya19910,dont forget bihar health minister interested india vs pak cricket match health crisis
2019-06-27 12:12:04,IYCChhattisgarh,muzaffarpur acute encephalitis syndrome aes deaths indian youth congress bihar congress unit today held protest
2019-06-27 12:12:03,IYCChhattisgarh,bignews indian youth congress bihar congress unit stage protest near union health minister vardhan
2019-06-27 12:11:46,Mdziyauddinkha6,president pyc team participated protest near union health minister
2019-06-27 11:59:20,lorance1234,bihar residents harivanshpur village vaishali dist say file case state govt amp local admn
2019-06-27 11:56:03,AyaanMitra,president pyc team participated protest near union health minister
2019-06-27 11:53:31,Ev9DdNlnVxbJ0CG,यह acute encephalitis syndrome
2019-06-27 11:50:36,Scorypto,top story newslaundry see
2019-06-27 11:47:18,pratibhaiyc1,muzaffarpur acute encephalitis syndrome aes deaths indian youth congress bihar congress unit today held protest
2019-06-27 11:46:27,Praveenm__,bihar residents harivanshpur village vaishali dist say file case state govt amp local admn
2019-06-27 11:43:55,KaliMoumita,president pyc team participated protest near union health minister
2019-06-27 11:38:19,IYCWestBengal,president pyc team participated protest near union health
2019-06-27 11:32:59,Deepakshivshan3,bihar residents harivanshpur village vaishali dist say file case state govt amp local admn
2019-06-27 11:21:06,JMoota,bihar aes deaths youth congress protests near harsh vardhan residence delhi detained india news the
2019-06-27 11:21:00,VIJAYraghavSING,bihar residents harivanshpur village vaishali dist say file case state govt amp local admn
2019-06-27 11:20:19,SantapriyaMukh6,muzaffarpur acute encephalitis syndrome aes deaths indian youth congress bihar congress unit protested near union health
2019-06-27 11:16:29,desainitesh6,muzaffarpur acute encephalitis syndrome aes deaths indian youth congress bihar congress unit today held protest
2019-06-27 11:15:26,SyedShadabAshr1,bihar residents harivanshpur village vaishali dist say file case state govt amp local admn
2019-06-27 11:08:29,abookhalidah,children died two hospitals muzaffarpur one government one private this story
2019-06-27 11:08:09,ManiChandila,muzaffarpur acute encephalitis syndrome aes deaths indian youth congress bihar congress unit today held protest
2019-06-27 11:05:00,DhunganaSahil,acute encephalitis syndrome aes serious public health problem india usually affects children young adults
2019-06-27 11:04:23,swap1978,muzaffarpur acute encephalitis syndrome aes deaths indian youth congress bihar congress unit today held protest
2019-06-27 11:03:15,ParomitaNandi1,bihar residents harivanshpur village vaishali dist say file case state govt amp local admn
2019-06-27 11:03:15,swap1978,bignews indian youth congress bihar congress unit stage protest near union health minister vardhan
2019-06-27 10:59:31,IYCTelangana,muzaffarpur acute encephalitis syndrome aes deaths indian youth congress bihar congress unit protested near union health
2019-06-27 10:59:21,shahul_ahmeed,bihar residents harivanshpur village vaishali dist say file case state govt amp local admn
2019-06-27 10:58:10,pj_pandey,bihar residents harivanshpur village vaishali dist say file case state govt amp local admn
2019-06-27 10:57:08,IYCTelangana,muzaffarpur acute encephalitis syndrome aes deaths indian youth congress bihar congress unit today held protest
2019-06-27 10:57:01,IYCTelangana,bignews indian youth congress bihar congress unit stage protest near union health minister vardhan
2019-06-27 10:52:50,shanu_sahota,sc issues notice centre bihar amp uttar pradesh govts asking file affidavits within days giving details
2019-06-27 10:52:40,nagma_morarji,bihar residents harivanshpur village vaishali dist say file case state govt amp local admn
2019-06-27 10:52:17,prashantrai2698,bihar residents harivanshpur village vaishali dist say file case state govt amp local admn
2019-06-27 10:44:53,jaiswal_shusant,bihar residents harivanshpur village vaishali dist say file case state govt amp local admn
2019-06-27 10:43:00,charmmeet,bihar residents harivanshpur village vaishali dist say file case state govt amp local admn
2019-06-27 10:40:18,WeForNews,bihar residents harivanshpur village vaishali dist say file case state govt amp local
2019-06-27 10:39:21,AnooBhu,in hindi translated english bihar who responsible death children
2019-06-27 10:38:45,HRHSubhabrata,bihar residents harivanshpur village vaishali dist say file case state govt amp local admn
2019-06-27 10:37:55,nemityadav1,bihar residents harivanshpur village vaishali dist say file case state govt amp local admn
2019-06-27 10:37:06,shailesh505,bihar residents harivanshpur village vaishali dist say file case state govt amp local admn
2019-06-27 10:36:38,SyedSalu60,bihar residents harivanshpur village vaishali dist say file case state govt amp local admn
2019-06-27 10:36:15,AnooBhu,dont forget bihar health minister interested india vs pak cricket match health crisis
2019-06-27 10:36:15,Ak1565,bihar residents harivanshpur village vaishali dist say file case state govt amp local admn
2019-06-27 10:33:54,BeingSCV,bihar residents harivanshpur village vaishali dist say file case state govt amp local admn
2019-06-27 10:33:30,_saurabhbandari,bihar residents harivanshpur village vaishali dist say file case state govt amp local admn
2019-06-27 10:33:18,ANI,bihar residents harivanshpur village vaishali dist say file case state govt amp local
2019-06-27 10:25:50,MrAhmadRaza3,muzaffarpur acute encephalitis syndrome aes deaths indian youth congress bihar congress unit protested near union health
2019-06-27 10:20:43,Shashwatab,modi described deaths children bihar acute encephalitis syndrome matter shame
2019-06-27 10:11:08,GoNews24x7,healthminister faces protest health minister harshvardhan faces protest youth congress members
2019-06-27 09:59:13,kvwithlove,एसईएस
2019-06-27 09:59:09,RamuTechie,एसईएस
2019-06-27 09:56:45,aftabistan,modi described deaths children bihar acute encephalitis syndrome matter shame
2019-06-27 09:46:57,IfthikharV,bignews indian youth congress bihar congress unit stage protest near union health minister vardhan
2019-06-27 09:45:31,htTweets,bihar plans survey curb acute encephalitis syndrome toll goes
2019-06-27 09:43:23,IYC_UPWest,bignews indian youth congress bihar congress unit stage protest near union health minister vardhan
2019-06-27 09:42:15,Sanntoshus,acute encephalitis syndrome claimed one life muzaffarpur wednesday
2019-06-27 09:41:00,socialraj84,bignews indian youth congress bihar congress unit stage protest near union health minister vardhan
2019-06-27 09:39:38,desainitesh6,bignews indian youth congress bihar congress unit stage protest near union health minister vardhan
2019-06-27 09:36:01,SandeepBoora4,bignews indian youth congress bihar congress unit stage protest near union health minister vardhan
2019-06-27 09:27:36,sriomthakur1996,muzaffarpur acute encephalitis syndrome aes deaths indian youth congress bihar congress unit protested near union health
2019-06-27 09:21:58,manipurmygov,acute encephalitis syndrome aes serious public health problem india usually affects children young
2019-06-27 09:18:32,lsunil117,litchi empty stomach aes acute encephalitis syndrome
2019-06-27 09:17:40,Deepakkhatri812,muzaffarpur acute encephalitis syndrome aes deaths indian youth congress bihar congress unit today held protest
2019-06-27 09:17:28,Deepakkhatri812,bignews indian youth congress bihar congress unit stage protest near union health minister vardhan
2019-06-27 09:15:03,ApolloCradle,the total number acute encephalitis syndrome aes cases registered across state bihar
2019-06-27 09:08:50,AfzalKhan_INC,muzaffarpur acute encephalitis syndrome aes deaths indian youth congress bihar congress unit today held protest
2019-06-27 09:08:40,AfzalKhan_INC,bignews indian youth congress bihar congress unit stage protest near union health minister vardhan
2019-06-27 09:07:21,neeraj70001,bignews indian youth congress bihar congress unit stage protest near union health minister vardhan
2019-06-27 09:05:13,x_mango_man,bignews indian youth congress bihar congress unit stage protest near union health minister vardhan
2019-06-27 09:04:41,IycSandesh,muzaffarpur acute encephalitis syndrome aes deaths indian youth congress bihar congress unit protested near union health
2019-06-27 09:03:31,knigam1,rt iyc rt jagranpost muzaffarpur acute encephalitis syndrome aes deaths indian youth congress bihar
2019-06-27 09:03:31,knigam1,rt iyc rt bignews indian youth congress bihar congress unit stage protest near union health
2019-06-27 09:03:20,PratibhaQueen,rt iyc rt jagranpost muzaffarpur acute encephalitis syndrome aes deaths indian youth congress bihar
2019-06-27 09:03:19,PratibhaQueen,rt iyc rt bignews indian youth congress bihar congress unit stage protest near union health
2019-06-27 09:02:07,saurabhpawarinc,muzaffarpur acute encephalitis syndrome aes deaths indian youth congress bihar congress unit today held protest
2019-06-27 09:02:01,saurabhpawarinc,bignews indian youth congress bihar congress unit stage protest near union health minister vardhan
2019-06-27 09:01:49,srinivasiyc,bignews indian youth congress bihar congress unit stage protest near union health minister vardhan
2019-06-27 09:01:34,srinivasiyc,muzaffarpur acute encephalitis syndrome aes deaths indian youth congress bihar congress unit today held protest
2019-06-27 09:01:08,RanjanEcIYC,rt iyc rt jagranpost muzaffarpur acute encephalitis syndrome aes deaths indian youth congress bihar
2019-06-27 09:01:07,RanjanEcIYC,rt iyc rt bignews indian youth congress bihar congress unit stage protest near union health
2019-06-27 09:00:58,mehtabbaba,rt iyc rt jagranpost muzaffarpur acute encephalitis syndrome aes deaths indian youth congress bihar
2019-06-27 09:00:57,mehtabbaba,rt iyc rt bignews indian youth congress bihar congress unit stage protest near union health
2019-06-27 09:00:53,RajniNagar9,rt iyc rt jagranpost muzaffarpur acute encephalitis syndrome aes deaths indian youth congress bihar
2019-06-27 09:00:53,RajniNagar9,rt iyc rt bignews indian youth congress bihar congress unit stage protest near union health
2019-06-27 08:59:32,zaheergul1111,rt iyc rt jagranpost muzaffarpur acute encephalitis syndrome aes deaths indian youth congress bihar
2019-06-27 08:59:32,zaheergul1111,rt iyc rt bignews indian youth congress bihar congress unit stage protest near union health
2019-06-27 08:59:17,INCfor2024,rt jagranpost muzaffarpur acute encephalitis syndrome aes deaths indian youth congress bihar congress
2019-06-27 08:59:17,INCfor2024,rt bignews indian youth congress bihar congress unit stage protest near union health
2019-06-27 08:59:12,SoniMaster111,rt iyc rt jagranpost muzaffarpur acute encephalitis syndrome aes deaths indian youth congress bihar
2019-06-27 08:59:11,SoniMaster111,rt iyc rt bignews indian youth congress bihar congress unit stage protest near union health
2019-06-27 08:59:09,RJThakurGBNagar,rt iyc rt jagranpost muzaffarpur acute encephalitis syndrome aes deaths indian youth congress bihar
2019-06-27 08:59:09,RJThakurGBNagar,rt iyc rt bignews indian youth congress bihar congress unit stage protest near union health
2019-06-27 08:59:03,TaufeeqJugnu_,bignews indian youth congress bihar congress unit stage protest near union health minister vardhan
2019-06-27 08:58:32,IYC,muzaffarpur acute encephalitis syndrome aes deaths indian youth congress bihar congress unit today held protest
2019-06-27 08:58:29,IYC,bignews indian youth congress bihar congress unit stage protest near union health minister vardhan
2019-06-27 08:58:09,Animeshsharma38,bignews indian youth congress bihar congress unit stage protest near union health minister vardhan
2019-06-27 08:57:48,DelhiPYC,bignews indian youth congress bihar congress unit stage protest near union health minister vardhan
2019-06-27 08:57:26,keshavyadaviyc,bignews indian youth congress bihar congress unit stage protest near union health minister vardhan
2019-06-27 08:57:17,MohdIltaj,muzaffarpur acute encephalitis syndrome aes deaths indian youth congress bihar congress unit today held protest
2019-06-27 08:57:13,deepakgehlot759,muzaffarpur acute encephalitis syndrome aes deaths indian youth congress bihar congress unit today held protest
2019-06-27 08:57:01,keshavyadaviyc,muzaffarpur acute encephalitis syndrome aes deaths indian youth congress bihar congress unit today held protest
2019-06-27 08:54:27,TaufeeqJugnu_,muzaffarpur acute encephalitis syndrome aes deaths indian youth congress bihar congress unit protested near union health
2019-06-27 08:53:35,FinancialXpress,acute encephalitis syndrome claimed one life muzaffarpur wednesday
2019-06-27 08:46:28,coppersulphate3,modi described deaths children bihar acute encephalitis syndrome matter shame
2019-06-27 08:41:41,Abhaymandal7071,muzaffarpur acute encephalitis syndrome aes deaths indian youth congress bihar congress unit protested near union health
2019-06-27 08:40:29,HankaMsd,muzaffarpur acute encephalitis syndrome aes deaths indian youth congress bihar congress unit protested near union health
2019-06-27 08:39:55,sumitdaga14,muzaffarpur acute encephalitis syndrome aes deaths indian youth congress bihar congress unit protested near union health
2019-06-27 08:36:14,IYCChhattisgarh,muzaffarpur acute encephalitis syndrome aes deaths indian youth congress bihar congress unit protested near union health
2019-06-27 08:35:52,Ramjana39207191,यह acute encephalitis syndrome
2019-06-27 08:35:42,desainitesh6,muzaffarpur acute encephalitis syndrome aes deaths indian youth congress bihar congress unit protested near union health
2019-06-27 08:34:22,vbwalia,muzaffarpur acute encephalitis syndrome aes deaths indian youth congress bihar congress unit protested near union health
2019-06-27 08:33:03,Allavaru,muzaffarpur acute encephalitis syndrome aes deaths indian youth congress bihar congress unit protested near union health
2019-06-27 08:08:54,madhutrehan,two hospitals one enemy a deep dive medical professionals dealing aes
2019-06-27 08:06:38,commonman_says,muzaffarpur acute encephalitis syndrome aes deaths indian youth congress bihar congress unit protested near union health
2019-06-27 08:04:03,balann49,modi described deaths children bihar acute encephalitis syndrome matter shame
2019-06-27 08:01:40,neeraj70001,muzaffarpur acute encephalitis syndrome aes deaths indian youth congress bihar congress unit protested near union health
2019-06-27 07:58:56,surajIyc,muzaffarpur acute encephalitis syndrome aes deaths indian youth congress bihar congress unit protested near union health
2019-06-27 07:50:46,DeviIthoibi,instead giving ears protesting people problem lack water supply death several children due acute
2019-06-27 07:49:42,Deepakkhatri812,muzaffarpur acute encephalitis syndrome aes deaths indian youth congress bihar congress unit protested near union health
2019-06-27 07:48:43,IYCHimachal,muzaffarpur acute encephalitis syndrome aes deaths indian youth congress bihar congress unit protested near union health
2019-06-27 07:45:38,KaliMoumita,muzaffarpur acute encephalitis syndrome aes deaths indian youth congress bihar congress unit protested near union health
2019-06-27 07:42:38,ImaadINC,muzaffarpur acute encephalitis syndrome aes deaths indian youth congress bihar congress unit protested near union health
2019-06-27 07:42:15,Deepakshivshan3,muzaffarpur acute encephalitis syndrome aes deaths indian youth congress bihar congress unit protested near union health
2019-06-27 07:42:02,MNJYDV,who responsible muzaffarpur acute encephalitis syndrome aes deaths children
2019-06-27 07:41:45,saurabhpawarinc,muzaffarpur acute encephalitis syndrome aes deaths indian youth congress bihar congress unit protested near union health
2019-06-27 07:41:26,shamimparwez10,muzaffarpur acute encephalitis syndrome aes deaths indian youth congress bihar congress unit protested near union health
2019-06-27 07:40:44,DelhiPYC,muzaffarpur acute encephalitis syndrome aes deaths indian youth congress bihar congress unit protested near union health
2019-06-27 07:40:33,keshavyadaviyc,muzaffarpur acute encephalitis syndrome aes deaths indian youth congress bihar congress unit protested near union health
2019-06-27 07:40:25,srinivasiyc,muzaffarpur acute encephalitis syndrome aes deaths indian youth congress bihar congress unit protested near union health
2019-06-27 07:40:23,RanjanEcIYC,rt iyc rt ani muzaffarpur acute encephalitis syndrome aes deaths indian youth congress bihar congress
2019-06-27 07:40:13,Parul20608956,muzaffarpur acute encephalitis syndrome aes deaths indian youth congress bihar congress unit protested near union health
2019-06-27 07:40:04,mehtabbaba,rt iyc rt ani muzaffarpur acute encephalitis syndrome aes deaths indian youth congress bihar congress
2019-06-27 07:40:02,RajniNagar9,rt iyc rt ani muzaffarpur acute encephalitis syndrome aes deaths indian youth congress bihar congress
2019-06-27 07:39:42,zaheergul1111,rt iyc rt ani muzaffarpur acute encephalitis syndrome aes deaths indian youth congress bihar congress
2019-06-27 07:39:32,SoniMaster111,rt iyc rt ani muzaffarpur acute encephalitis syndrome aes deaths indian youth congress bihar congress
2019-06-27 07:39:17,INCfor2024,rt ani muzaffarpur acute encephalitis syndrome aes deaths indian youth congress bihar congress unit
2019-06-27 07:39:14,RJThakurGBNagar,rt iyc rt ani muzaffarpur acute encephalitis syndrome aes deaths indian youth congress bihar congress
2019-06-27 07:38:23,PratibhaQueen,rt iyc rt ani muzaffarpur acute encephalitis syndrome aes deaths indian youth congress bihar congress
2019-06-27 07:38:05,knigam1,rt iyc rt ani muzaffarpur acute encephalitis syndrome aes deaths indian youth congress bihar congress
2019-06-27 07:37:17,abhinavsinghinc,muzaffarpur acute encephalitis syndrome aes deaths indian youth congress bihar congress unit protested near union health
2019-06-27 07:37:14,dileepjain007,muzaffarpur acute encephalitis syndrome aes deaths indian youth congress bihar congress unit protested near union health
2019-06-27 07:37:07,IYC,muzaffarpur acute encephalitis syndrome aes deaths indian youth congress bihar congress unit protested near union health
2019-06-27 07:30:00,ttindia,modi described deaths children bihar acute encephalitis syndrome matter shame
2019-06-27 07:25:58,pandey_amrish,muzaffarpur acute encephalitis syndrome aes deaths indian youth congress bihar congress unit protested near union health
2019-06-27 07:25:02,razal_salah,muzaffarpur acute encephalitis syndrome aes deaths indian youth congress bihar congress unit protested near union health
2019-06-27 07:24:04,siddharthjourno,muzaffarpur acute encephalitis syndrome aes deaths indian youth congress bihar congress unit protested near union health
2019-06-27 07:14:40,SyedSalu60,muzaffarpur acute encephalitis syndrome aes deaths indian youth congress bihar congress unit protested near union health
2019-06-27 07:06:42,Dailyaddaa,muzaffarpur acute encephalitis syndrome aes deaths indian youth congress bihar congress unit protested
2019-06-27 07:06:20,sunilkr752,muzaffarpur acute encephalitis syndrome aes deaths indian youth congress bihar congress unit protested near union health
2019-06-27 07:04:20,epatrakaar,muzaffarpur acute encephalitis syndrome aes deaths indian youth congress bihar congress unit protested
2019-06-27 07:03:59,businessline,over children died last weeks bihar muzaffarpur district otherwise famous lichi
2019-06-27 07:03:00,TheBoringTweet,muzaffarpur acute encephalitis syndrome aes deaths indian youth congress bihar congress unit protested
2019-06-27 07:02:09,NEWS9TWEETS,bignews indian youth congress bihar congress unit stage protest near union health minister
2019-06-27 07:02:07,JagranPost,muzaffarpur acute encephalitis syndrome aes deaths indian youth congress bihar congress unit today held
2019-06-27 07:02:02,Xenohadi1,muzaffarpur acute encephalitis syndrome aes deaths indian youth congress bihar congress unit protested
2019-06-27 07:01:46,somitsrivastav,muzaffarpur acute encephalitis syndrome aes deaths indian youth congress bihar congress unit protested
2019-06-27 06:58:07,RuralIndian,muzaffarpur acute encephalitis syndrome aes deaths indian youth congress bihar congress unit protested near union health
2019-06-27 06:57:49,NewsMobileIndia,muzaffarpur acute encephalitis syndrome aes deaths indian youth congress bihar congress unit protested
2019-06-27 06:52:57,smanian11,muzaffarpur acute encephalitis syndrome aes deaths indian youth congress bihar congress unit protested near union health
2019-06-27 06:52:42,learninggtruth,muzaffarpur acute encephalitis syndrome aes deaths indian youth congress bihar congress unit protested near union health
2019-06-27 06:52:30,WeForNews,muzaffarpur acute encephalitis syndrome aes deaths indian youth congress bihar congress unit protested
2019-06-27 06:51:43,powerofuva,यह acute encephalitis syndrome
2019-06-27 06:51:08,Himansh49164172,muzaffarpur acute encephalitis syndrome aes deaths indian youth congress bihar congress unit protested near union health
2019-06-27 06:50:46,varun66442023,muzaffarpur acute encephalitis syndrome aes deaths indian youth congress bihar congress unit protested near union health
2019-06-27 06:50:29,DrMadanMohanJha,muzaffarpur acute encephalitis syndrome aes deaths indian youth congress bihar congress unit protested near union health
2019-06-27 06:49:05,ANI,muzaffarpur acute encephalitis syndrome aes deaths indian youth congress bihar congress unit protested
2019-06-27 06:30:34,aappinkidwarka,bihar fir lodged people harivanshpur vaishali district protested lack water supply amp death
2019-06-27 05:49:05,FinancialXpress,government take timely steps prevent cases acute encephalitis syndrome aes ensure
2019-06-27 05:35:43,MufflerMan_vish,just availed ayushman bharat bihar aes treatment reveals gap needs addressed ayushman ceo
2019-06-27 05:24:37,msukhmani,children died two hospitals muzaffarpur one government one private this story
2019-06-27 05:19:12,IT_Kabootar,children died two hospitals muzaffarpur one government one private this story
2019-06-27 05:09:21,ayeshasusan,children died two hospitals muzaffarpur one government one private this story
2019-06-27 05:04:25,Aditya6521,children died two hospitals muzaffarpur one government one private this story
2019-06-27 05:03:45,Ranojchauhan1,aes
2019-06-27 05:00:24,dmmishra96,children died two hospitals muzaffarpur one government one private this story
2019-06-27 04:44:10,BucketheadCase,two hospitals one enemy a deep dive medical professionals dealing aes muzaffarpur bihar
2019-06-27 04:43:31,AbhinandanSekhr,two hospitals one crisis dealing one private
2019-06-27 04:42:53,sighyush,two hospitals one crisis dealing one private
2019-06-27 04:42:29,Gurvinder007,bihar fir lodged people harivanshpur vaishali district protested lack water supply amp death
2019-06-27 04:42:21,sighyush,two hospitals one enemy a deep dive medical professionals dealing aes muzaffarpur bihar
2019-06-27 04:36:02,karishmau,children died two hospitals muzaffarpur one government one private this story
2019-06-27 04:35:49,akshaytarfe,when i visit five children admitted ward the youngest one year old breathing heavily
2019-06-27 04:33:26,dinpandy,more children died bihar due outbreak acute encephalitis syndrome a major reason behind
2019-06-27 04:32:27,Devntidevifoun1,the outbreak acute encephalitis syndrome aes bihar claimed lives revealed
2019-06-27 04:32:00,newslaundry,two hospitals one crisis dealing one private
2019-06-27 04:28:45,Memeghnad,children died two hospitals muzaffarpur one government one private this story
2019-06-27 04:26:46,sanode2k,bihar fir lodged people harivanshpur vaishali district protested lack water supply amp death
2019-06-27 04:23:14,scanman,two hospitals one enemy a deep dive medical professionals dealing aes muzaffarpur bihar
2019-06-27 04:21:59,CNNnews18,more children died bihar due outbreak acute encephalitis syndrome a major reason behind
2019-06-27 04:19:48,news18dotcom,more children died bihar due outbreak acute encephalitis syndrome a major reason
2019-06-27 04:13:30,AMITMKAMBLE,ground report muzaffarpurdeaths kindly read subscribe newslaundry https
2019-06-27 04:07:35,sighyush,ground report muzaffarpurdeaths kindly read subscribe newslaundry https
2019-06-27 04:04:49,DrTanweerHassan,bihar fir lodged people harivanshpur vaishali district protested lack water supply amp death
2019-06-27 03:56:43,ChAnkur,children died two hospitals muzaffarpur one government one private this story
2019-06-27 03:53:49,Vaishax,children died two hospitals muzaffarpur one government one private this story
2019-06-27 03:53:14,InfectoNeuro,the death toll acute encephalitis syndrome outbreak india bihar state unfortunately risen dr
2019-06-27 03:52:53,SevadalKA,instead giving ears protesting people problem lack water supply death several children due acute
2019-06-27 03:33:48,mearjunsha,children died two hospitals muzaffarpur one government one private this story
2019-06-27 03:20:45,MeanderingWonk,another pointed indictment failures health delivery systems rural heartland healthcare
2019-06-27 03:17:27,sighyush,children died two hospitals muzaffarpur one government one private this story
2019-06-27 03:16:04,DParwana,bihar fir lodged people harivanshpur muzaffarpur protested lack water supply amp death
2019-06-27 03:15:53,sighyush,the extensive medical mobilisation two hospitals since beginning outbreak impinges larger state
2019-06-27 03:14:31,homernods,children died two hospitals muzaffarpur one government one private this story
2019-06-27 03:11:39,loktej,और
2019-06-27 03:10:15,Ramchaganti,urgent help bihar kids suffering acute encephalitis syndrome
2019-06-27 03:09:44,rishi_bhatt,children died two hospitals muzaffarpur one government one private this story
2019-06-27 03:02:45,Mungerilal16,children died two hospitals muzaffarpur one government one private this story
2019-06-27 03:00:59,JournoNitten,children died two hospitals muzaffarpur one government one private this story
2019-06-27 03:00:22,nitinshriwas88,children died two hospitals muzaffarpur one government one private this story
2019-06-27 02:56:55,anshumanscribe,acute encephalitis syndrome only make use ayushman bharat scheme reports
2019-06-27 02:48:48,sharmasupriya,children died two hospitals muzaffarpur one government one private this story
2019-06-27 02:47:49,Hardik121121121,पर bihar muzaffarpur aes nitishkumar
2019-06-27 02:47:38,MnshaP,children died two hospitals muzaffarpur one government one private this story
2019-06-27 02:17:51,rtn_manoj,पर
2019-06-27 02:13:58,VIJAYraghavSING,पर bihar muzaffarpur aes nitishkumar
2019-06-27 01:50:19,Kum97400025Alok,पर bihar muzaffarpur aes nitishkumar
2019-06-27 01:44:51,YamunaSree30,the acute encephalitis syndrome claimed one life muzaffarpur wednesday raising toll north bihar
2019-06-27 01:33:26,farooqueeali,पर bihar muzaffarpur aes nitishkumar
2019-06-27 01:30:10,macharajarao,acute encephalitis syndrome only make use ayushman bharat via
2019-06-27 01:30:00,thewirehindi,पर bihar muzaffarpur
2019-06-27 01:11:55,journo_abheet,breaking the death toll due acute encephalitis syndrome aes rises muzaffarpur deaths
2019-06-27 00:58:05,SharjeelUsmani,ground report muzaffarpurdeaths kindly read subscribe newslaundry
2019-06-27 00:03:36,RajRockstaar,the acute encephalitis syndrome claimed one life muzaffarpur wednesday raising toll north bihar
2019-06-26 23:47:35,d33p_crj,the acute encephalitis syndrome claimed one life muzaffarpur wednesday raising toll north bihar
2019-06-26 23:40:54,iamnikhilkr,the acute encephalitis syndrome claimed one life muzaffarpur wednesday raising toll north bihar
2019-06-26 23:30:10,the_hindu,the acute encephalitis syndrome claimed one life muzaffarpur wednesday raising toll north
2019-06-26 20:32:55,RabiRsen397,the extensive medical mobilisation two hospitals since beginning outbreak impinges larger state
2019-06-26 20:32:00,newslaundry,the extensive medical mobilisation two hospitals since beginning outbreak impinges
2019-06-26 19:03:58,wicked_sinha,acute encephalitis syndrome drastic change death increased huge number
2019-06-26 18:54:43,ObaidullahK,two hospitals one crisis dealing one private
2019-06-26 18:18:33,ROALY,bihar fir lodged people harivanshpur muzaffarpur protested lack water supply amp death
2019-06-26 17:59:41,MegastarForever,bihar fir lodged people harivanshpur muzaffarpur protested lack water supply amp death
2019-06-26 17:39:51,MujahidMughal12,bihar struggling outbreak acute encephalitis syndrome aes since beginning june more
2019-06-26 17:34:19,SnehLoo,bihar fir lodged people harivanshpur muzaffarpur protested lack water supply amp death
2019-06-26 17:21:29,ShalinAstha,aes
2019-06-26 17:19:59,ImAbhishek7_,bihar fir lodged people harivanshpur muzaffarpur protested lack water supply amp death
2019-06-26 17:06:35,Atul10Avi,bihar fir lodged people harivanshpur muzaffarpur protested lack water supply amp death
2019-06-26 16:45:04,ojhaanjali,muzaffarpur death toll rises children bihar muzaffarpur lost lives acute encephalitis
2019-06-26 16:43:22,rG9v2x04dxLNyH5,インド encephalitis syndrome
2019-06-26 16:42:23,rG9v2x04dxLNyH5,インド encephalitis syndrome chamki fever
2019-06-26 16:41:29,rG9v2x04dxLNyH5,インド encephalitis syndrome chamki fever
2019-06-26 16:40:28,rG9v2x04dxLNyH5,インド encephalitis syndrome chamki fever
2019-06-26 16:39:37,rG9v2x04dxLNyH5,インド encephalitis syndrome chamki fever
2019-06-26 16:39:09,PratVikash,this high time us we must expedite vaccination campaigns across areas indian states acute
2019-06-26 16:38:40,rG9v2x04dxLNyH5,インド encephalitis syndrome chamki fever
2019-06-26 16:37:57,Shahrukh_NSUI,double engine govt bjp centre amp bihar gone icu human skeletons found hospital
2019-06-26 16:34:33,shanu_sahota,supreme court agrees hear monday pil seeking direction urgently constitute team medical experts
2019-06-26 16:31:38,PRANAVKISHOREJ2,thank prime minister showing concern suffering acute encephalitis
2019-06-26 16:31:20,iamsnsharma,pm modi the deaths bihar due acute encephalitis syndrome unfortunate matter shame us we take
2019-06-26 16:01:58,markq,mmr vaccine injury death possible side effects loss muscle
2019-06-26 15:12:12,nikhilfrancis29,two hospitals one crisis dealing one private
2019-06-26 15:11:02,parthpunter,two hospitals one crisis dealing one private
2019-06-26 15:09:19,QuilledWords,two hospitals one crisis dealing one private
2019-06-26 15:07:09,Ravinde38200477,aes
2019-06-26 15:03:11,KharwarMukund,aes
2019-06-26 14:58:19,BeckyJohnson222,
2019-06-26 14:54:28,coffeetime112,addressing rajyasabha narendramodi also spoke death children month acute encephalitis
2019-06-26 14:38:33,anil7kishan,addressing rajyasabha narendramodi also spoke death children month acute encephalitis
2019-06-26 14:35:45,PrabhathKalkura,over acute encephalitis syndrome cases reported bihar since june
2019-06-26 14:32:12,Sumit19870_,kerala contained nipah outbreak bihar grappled wid acute encephalitis syndrome deaths kerala emerged
2019-06-26 14:31:27,scroll_in,over acute encephalitis syndrome cases reported bihar since june
2019-06-26 14:27:32,zibrailmohamma3,muzaffarpur death toll rises children bihar muzaffarpur lost lives acute encephalitis
2019-06-26 14:26:18,arvindcTOI,bihar a unit police arrives case fir lodged people harivanshpur village
2019-06-26 14:26:13,AbhinandanSekhr,in muzaffarpur government private hospital trying deal aes outbreak profiles two
2019-06-26 14:20:45,55Pawankumar,एसईएस
2019-06-26 14:18:32,congresscrowd,heil mein führer parents of encephalitis victims charged protesting via
2019-06-26 14:14:55,RajeevR79608148,और pm
2019-06-26 14:12:57,vote4developmen,matter of shame for the nation pm modi on encephalitis deaths in bihar ndtvnewsbeeps
2019-06-26 14:12:30,srigopall,pm modi the deaths bihar due acute encephalitis syndrome unfortunate matter shame us we take
2019-06-26 14:12:21,newslaundry,two hospitals one crisis dealing one private
2019-06-26 14:11:16,vote4developmen,matter of shame for the nation pm modi on encephalitis deaths in bihar
2019-06-26 14:11:08,anirban_thestar,addressing rajyasabha narendramodi also spoke death children month acute encephalitis
2019-06-26 14:02:40,rgaravindan,ஆக brainfever
2019-06-26 14:01:09,Rajyasree,two hospitals one crisis dealing one private
2019-06-26 14:00:16,SMehdudia,just availed ayushman bharat bihar aes treatment reveals gap needs addressed ayushman ceo
2019-06-26 13:57:04,sighyush,two hospitals one crisis dealing one private
2019-06-26 13:50:24,haf_ali,double engine govt bjp centre amp bihar gone icu human skeletons found hospital
2019-06-26 13:47:20,BcabaNetwork,kids dead bihar muzaffarpur acute encephalitis syndrome the common cause
2019-06-26 13:45:56,sighyush,in muzaffarpur government private hospital trying deal aes outbreak profiles two
2019-06-26 13:44:47,ravi2010mary,acute encephalitis syndrome aes also known chamki fever litchi virus term used infections
2019-06-26 13:44:11,newslaundry,in muzaffarpur government private hospital trying deal aes outbreak profiles
2019-06-26 13:30:00,ModiforPMOrg,
2019-06-26 13:26:13,apnnewsindia,the deaths bihar due acute encephalitis syndrome unfortunate matter shame us we
2019-06-26 13:21:32,NoushadPR,
2019-06-26 13:20:31,rkjha111,report acute encephalitis syndrome claimed one life muzaffarpur raising toll north bihar district
2019-06-26 13:19:33,priyanka_1808,addressing rajyasabha narendramodi also spoke death children month acute encephalitis
2019-06-26 13:18:55,daaktardush,just availed ayushman bharat bihar aes treatment reveals gap needs addressed ayushman ceo
2019-06-26 13:15:51,nikhilsarode123,report acute encephalitis syndrome claimed one life muzaffarpur raising toll north bihar district
2019-06-26 13:15:00,TimesNow,report acute encephalitis syndrome claimed one life muzaffarpur raising toll north bihar
2019-06-26 13:10:11,rocknaveen,matter of shame for the nation pm modi on encephalitis deaths in bihar
2019-06-26 13:10:10,imsfwn,addressing rajyasabha narendramodi also spoke death children month acute encephalitis
2019-06-26 13:09:55,UltimAddy,addressing rajyasabha narendramodi also spoke death children month acute encephalitis
2019-06-26 13:09:25,ejunglee,addressing rajyasabha narendramodi also spoke death children month acute encephalitis
2019-06-26 13:09:23,imsfwn,addressing rajyasabha narendramodi also spoke death children month acute encephalitis
2019-06-26 13:07:22,mehdi2604,matter of shame for the nation pm modi on encephalitis deaths in bihar ndtvnewsbeeps
2019-06-26 13:06:11,rajeev_mp,addressing rajyasabha narendramodi also spoke death children month acute encephalitis
2019-06-26 13:05:42,imtiaz_2512,acute encephalitis syndrome only make use ayushman bharat scheme reports
2019-06-26 13:05:24,firstpost,addressing rajyasabha narendramodi also spoke death children month
2019-06-26 13:05:03,firstpost,addressing rajyasabha narendramodi also spoke death children month
2019-06-26 12:59:34,G0vind_G0urav,bihar a unit police arrives case fir lodged people harivanshpur village
2019-06-26 12:55:54,goldey_3,bihar a unit police arrives case fir lodged people harivanshpur village
2019-06-26 12:55:41,GoNews24x7,muzaffarpur death toll rises children bihar muzaffarpur lost lives acute encephalitis
2019-06-26 12:47:27,ApnaTimeAaega,matter of shame for the nation pm modi on encephalitis deaths in bihar
2019-06-26 12:45:44,dynamic_fatima,matter of shame for the nation pm modi on encephalitis deaths in bihar ndtvnewsbeeps
2019-06-26 12:44:16,hiteshray1,bihar a unit police arrives case fir lodged people harivanshpur village
2019-06-26 12:41:53,Gaurav_kJoshi,bihar fir lodged people harivanshpur vaishali district protested lack water supply amp death
2019-06-26 12:41:27,tweet4mShubham,matter of shame for the nation pm modi on encephalitis deaths in bihar ndtvnewsbeeps
2019-06-26 12:41:01,RaisinaSeries,matter of shame for the nation pm modi on encephalitis deaths in bihar ndtvnewsbeeps
2019-06-26 12:40:14,ndtv,matter of shame for the nation pm modi on encephalitis deaths in bihar ndtvnewsbeeps
2019-06-26 12:34:11,dt_next,acute encephalitis syndrome claimed one life muzaffarpur wednesday raising toll
2019-06-26 12:32:34,JagranPost,the deaths bihar due acute encephalitis syndrome unfortunate matter shame us says
2019-06-26 12:31:57,Rkshivr,pm modi the deaths bihar due acute encephalitis syndrome unfortunate matter shame us we take
2019-06-26 12:30:47,WeForNews,bihar a unit police arrives case fir lodged people
2019-06-26 12:29:46,GreySasquatch,bihar a unit police arrives case fir lodged people harivanshpur village
2019-06-26 12:25:44,ANI,bihar a unit police arrives case fir lodged people
2019-06-26 12:24:43,patidarsom,police filed fir fathers children died due acute encephalitis syndrome aes bihar
2019-06-26 12:21:48,Praveenm__,pm modi the deaths bihar due acute encephalitis syndrome unfortunate matter shame us we take
2019-06-26 12:17:18,prathod2008,pmmodi the deaths bihar due acute encephalitis syndrome unfortunate matter shame us
2019-06-26 12:12:46,DebayanDictum,just availed ayushman bharat bihar aes treatment reveals gap needs addressed ayushman ceo
2019-06-26 12:12:00,rssmanohar1963,aes
2019-06-26 12:07:56,AbidaSameen,matter of shame for the nation pm modi on encephalitis deaths in bihar
2019-06-26 11:59:44,VJGupta17,pm modi the deaths bihar due acute encephalitis syndrome unfortunate matter shame us we take
2019-06-26 11:48:51,aalokareraj05,bihar fir lodged people harivanshpur vaishali district protested lack water supply amp death
2019-06-26 11:46:11,Iam_Ayushmann,pm modi the deaths bihar due acute encephalitis syndrome unfortunate matter shame us we take
2019-06-26 11:44:29,imsfwn,matter of shame for the nation pm modi on encephalitis deaths in bihar
2019-06-26 11:42:11,SolomonMakonnen,acute encephalitis syndrome aes also known chamki fever litchi virus term used infections
2019-06-26 11:41:54,AskApollo,acute encephalitis syndrome aes also known chamki fever litchi virus term used infections
2019-06-26 11:40:37,getwithitpeeps,matter of shame for the nation pm modi on encephalitis deaths in bihar
2019-06-26 11:39:48,HospitalsApollo,acute encephalitis syndrome aes also known chamki fever litchi virus term used infections
2019-06-26 11:39:32,luvmohu,दम
2019-06-26 11:38:49,SunjayJK,just availed ayushman bharat bihar aes treatment reveals gap needs addressed ayushman ceo
2019-06-26 11:34:23,newstrackmedia,इस nitishkumar
2019-06-26 11:23:46,ndtv,matter of shame for the nation pm modi on encephalitis deaths in bihar
2019-06-26 11:22:23,MyNation,bihar death toll due acute encephalitis syndrome aes lack water facilities crossed
2019-06-26 11:21:38,khalilhumam,india india acute encephalitis syndrome aes bihar dg echo media echo daily flash
2019-06-26 11:20:02,ndtvfeed,matter of shame for the nation pm modi on encephalitis deaths in bihar
2019-06-26 11:18:53,AshuBodhgaya,the fathers children died acute encephalitis syndrome bihar among people booked protest https
2019-06-26 11:18:03,geebhat13,pm modi encephalitis outbreak bihar deaths bihar due acute encephalitis syndrome unfortunate it shameful
2019-06-26 11:17:14,nemityadav1,pm modi the deaths bihar due acute encephalitis syndrome unfortunate matter shame us we take
2019-06-26 11:02:19,Cgoutam51Kumar,good god somehow our humane pm came to know that to after days that poor children of bihar
2019-06-26 10:53:45,sgupta001,pm modi encephalitis outbreak bihar deaths bihar due acute encephalitis syndrome unfortunate it shameful
2019-06-26 10:53:26,MnshaP,acute encephalitis syndrome aes bukhaar affects low income families villages poor access
2019-06-26 10:51:46,shashwat55233,pm address rajyasabha the deaths bihar due acute encephalitis syndrome
2019-06-26 10:48:45,amritam9,the deaths bihar due acute encephalitis syndrome unfortunate matter shame us we take
2019-06-26 10:47:44,adityakallimath,pm modi the deaths bihar due acute encephalitis syndrome unfortunate matter shame us we take
2019-06-26 10:44:53,RobinSharmaBJP,deaths bihar due acute encephalitis syndrome sad unfortunate
2019-06-26 10:44:17,editorji,bihar muzaffarpur reeling acute encephalitis syndrome disease already claimed
2019-06-26 10:44:13,EKumarSharma,bt buzz malnutrition healthcare system failure behind muzaffarpur season despair
2019-06-26 10:42:02,JAMMULINKS,new delhi speaking first time acute encephalitis syndrome deaths muzaffarpur prime
2019-06-26 10:26:58,SyedSalu60,pm modi the deaths bihar due acute encephalitis syndrome unfortunate matter shame us we take
2019-06-26 10:23:19,ajayjoshi14,thanks reply here piece
2019-06-26 10:20:34,TheQuint,live pm modi termed deaths caused bihar due acute encephalitis syndrome unfortunate
2019-06-26 10:17:42,inckrpuram,the number children affected acute encephalitis syndrome continues grow amp govt enough address
2019-06-26 10:17:36,vkumar111,पर aes
2019-06-26 10:16:48,i_m_vipul_,pm modi the deaths bihar due acute encephalitis syndrome unfortunate matter shame us we take
2019-06-26 10:15:25,suhasiniraj,just availed ayushman bharat bihar aes treatment reveals gap needs addressed ayushman ceo
2019-06-26 10:14:08,ranjitrana4u,deaths bihar due acute encephalitis syndrome aes unfortunate matter shame us we
2019-06-26 10:10:11,shail2514,pm modi the deaths bihar due acute encephalitis syndrome unfortunate matter shame us we take
2019-06-26 10:06:37,itsmeFSL,pm finally said the deaths bihar due acute encephalitis syndrome unfortunate matter shame
2019-06-26 10:01:30,dhananjay_hind,pm modi the deaths bihar due acute encephalitis syndrome unfortunate matter shame us we take
2019-06-26 10:00:36,Jansatta,पर aes
2019-06-26 09:59:16,epatrakaar,pm modi the deaths bihar due acute encephalitis syndrome unfortunate matter shame us we
2019-06-26 09:58:31,RidhimaShukla7,the deaths bihar due acute encephalitis syndrome unfortunate matter shame us pm says rajya sabha
2019-06-26 09:58:08,sricon,pm modi the deaths bihar due acute encephalitis syndrome unfortunate matter shame us we take
2019-06-26 09:56:44,Mustaquimm,we seen kids died acute encephalitis syndrome aes neighbouring hospital
2019-06-26 09:53:39,rutulsuthar,the deaths bihar due acute encephalitis syndrome unfortunate matter shame us we take
2019-06-26 09:52:39,niraj491985,pm address rajyasabha the deaths bihar due acute encephalitis syndrome
2019-06-26 09:52:39,johnthedevil,pm modi the deaths bihar due acute encephalitis syndrome unfortunate matter shame us we take
2019-06-26 09:52:04,TweetsOfSunil,the deaths bihar due acute encephalitis syndrome unfortunate matter shame us we
2019-06-26 09:50:15,beingsumitsngh,the deaths bihar due acute encephalitis syndrome unfortunate matter shame us we take
2019-06-26 09:48:24,panditji141,वजह
2019-06-26 09:47:47,SohailKKhan3,pm modi the deaths bihar due acute encephalitis syndrome unfortunate matter shame us we take
2019-06-26 09:46:32,kamaljoshi410,watch deaths bihar due acute encephalitis syndrome sad unfortunate pm modi follow updates
2019-06-26 09:46:23,WeForNews,pm modi the deaths bihar due acute encephalitis syndrome unfortunate matter shame us we
2019-06-26 09:45:02,scroll_in,the deaths bihar due acute encephalitis syndrome unfortunate matter shame us modi
2019-06-26 09:44:52,ndtv,watch deaths bihar due acute encephalitis syndrome sad unfortunate pm modi follow updates
2019-06-26 09:44:29,Dailyaddaa,pm modi encephalitis outbreak bihar deaths bihar due acute encephalitis syndrome unfortunate
2019-06-26 09:44:17,ditibajpai,शव
2019-06-26 09:42:34,dtytrivedi,pm modi the deaths bihar due acute encephalitis syndrome unfortunate matter shame us we take
2019-06-26 09:41:30,Deepakasnani6,pm modi the deaths bihar due acute encephalitis syndrome unfortunate matter shame us we take
2019-06-26 09:40:57,singh_jyotsna,the fathers children died acute encephalitis syndrome bihar among people booked protest https
2019-06-26 09:40:14,EconomicTimes,pm address rajyasabha the deaths bihar due acute encephalitis
2019-06-26 09:40:05,Arunrunner1,pm modi the deaths bihar due acute encephalitis syndrome unfortunate matter shame us we take
2019-06-26 09:39:56,10032000AJ,pm modi the deaths bihar due acute encephalitis syndrome unfortunate matter shame us we take
2019-06-26 09:38:20,kamaljoshi410,pm modi encephalitis outbreak bihar deaths bihar due acute encephalitis syndrome unfortunate
2019-06-26 09:37:58,nosanskar,pm modi the deaths bihar due acute encephalitis syndrome unfortunate matter shame us we take
2019-06-26 09:37:57,moneycontrolcom,deaths bihar due acute encephalitis syndrome aes unfortunate matter shame us we
2019-06-26 09:37:21,ndtv,pm modi encephalitis outbreak bihar deaths bihar due acute encephalitis syndrome unfortunate
2019-06-26 09:37:08,Sudhajhaa,presenting magazine insight our editors sharp take news day what killed
2019-06-26 09:36:16,SriniDokka,pm modi the deaths bihar due acute encephalitis syndrome unfortunate matter shame us we take
2019-06-26 09:36:00,GetNewsd,the deaths bihar due acute encephalitis syndrome unfortunate matter shame us we
2019-06-26 09:35:43,Drravibhatt2,the deaths bihar due acute encephalitis syndrome unfortunate matter shame us we take
2019-06-26 09:35:38,Dailyaddaa,pmmodi the deaths bihar due acute encephalitis syndrome unfortunate matter shame us we
2019-06-26 09:35:36,rishav_sharma1,pm modi the deaths bihar due acute encephalitis syndrome unfortunate matter shame us we take
2019-06-26 09:34:59,anantpuja,pm modi the deaths bihar due acute encephalitis syndrome unfortunate matter shame us we take
2019-06-26 09:34:53,iDennisArora,pm modi the deaths bihar due acute encephalitis syndrome unfortunate matter shame us we take
2019-06-26 09:34:47,abpnewstv,the deaths bihar due acute encephalitis syndrome unfortunate matter shame us we
2019-06-26 09:34:44,RjvPARMAR,pm modi the deaths bihar due acute encephalitis syndrome unfortunate matter shame us we take
2019-06-26 09:34:42,RHoneykumar,the deaths bihar due acute encephalitis syndrome unfortunate matter shame us we
2019-06-26 09:34:11,RameshwarArya,pm modi the deaths bihar due acute encephalitis syndrome unfortunate matter shame us we take
2019-06-26 09:33:01,DynamiteNews_,pm modi the deaths bihar due acute encephalitis syndrome unfortunate matter shame us we
2019-06-26 09:32:45,aeyVsahiHai,pm modi the deaths bihar due acute encephalitis syndrome unfortunate matter shame us we take
2019-06-26 09:32:45,ociusgraphics,pm modi the deaths bihar due acute encephalitis syndrome unfortunate matter shame us we take
2019-06-26 09:32:38,Xenohadi1,pm modi the deaths bihar due acute encephalitis syndrome unfortunate matter shame us we
2019-06-26 09:32:31,Adi90020823,pm modi the deaths bihar due acute encephalitis syndrome unfortunate matter shame us we take
2019-06-26 09:32:22,techlogysite,pm modi the deaths bihar due acute encephalitis syndrome unfortunate matter shame us we take
2019-06-26 09:32:17,proudindianraj,pm modi the deaths bihar due acute encephalitis syndrome unfortunate matter shame us we take
2019-06-26 09:32:09,SirSchweini,pm modi the deaths bihar due acute encephalitis syndrome unfortunate matter shame us we take
2019-06-26 09:32:03,Bharath4mb_,pm modi the deaths bihar due acute encephalitis syndrome unfortunate matter shame us we take
2019-06-26 09:31:31,Utkarsh501,pm modi the deaths bihar due acute encephalitis syndrome unfortunate matter shame us we take
2019-06-26 09:31:03,ANI,pm modi the deaths bihar due acute encephalitis syndrome unfortunate matter shame us we
2019-06-26 09:28:21,iramparveen,spearheading prevention program encephalitis syndrome partnership support
2019-06-26 09:18:00,KSMANN,acute encephalitis syndrome only make use ayushman bharat
2019-06-26 09:17:40,Tathaga53205272,यह acute encephalitis syndrome
2019-06-26 09:11:51,MadhviSallyET,acute encephalitis syndrome only make use ayushman bharat scheme reports
